run,lumi,evt
316758,1423,2057559277
316758,1456,2102405695
316590,401,549605701
316590,441,597811366
316590,449,608405186
316590,447,605302749
316590,456,615753995
316590,460,621203478
316590,476,640833920
316700,320,409227995
316700,322,412313020
316702,158,221883339
316702,150,211079296
316702,172,239657885
316702,280,399148069
316702,282,403158313
316702,297,429247076
316758,16,21175813
316758,563,764532554
316758,581,794129254
316758,582,797053103
316758,613,846390272
315973,482,580506380
315973,482,580624974
315973,483,582014387
315645,227,233559675
315645,279,282226710
315645,291,293646703
315703,231,252682023
315713,64,59071419
315713,64,60199093
315713,76,77462310
315713,76,76694784
315741,83,89868661
316114,267,289350204
316187,650,870635732
316187,656,879471691
316187,686,925297177
316187,934,1275778904
316218,540,724331326
316218,547,733770774
316218,574,776014255
316218,578,782669573
316615,32,20521018
316615,28,17701008
316615,71,44783242
316615,71,44995420
316928,55,34265799
316928,140,161444466
315366,429,241117342
315488,225,214327545
315489,181,108188175
315489,320,185235215
315489,322,186071315
315689,387,449055954
315689,388,450519150
315689,388,450039265
315689,394,456976211
315689,396,458484685
315689,419,484326516
315689,448,515710461
315689,457,524687109
315785,274,336473403
315973,463,559709432
315840,81,68942891
316240,131,189881740
316240,133,191592056
316240,145,209505637
316240,248,350074420
316240,496,671702251
316240,677,947012091
316457,455,520121088
316457,884,1022369319
316457,963,1109997853
316457,1110,1262293937
316457,1276,1437651702
316469,58,59536738
316469,121,146147994
316469,125,150484227
316505,147,157022090
315361,248,212142301
315366,175,105110744
315366,413,233250745
315420,126,93502377
315420,1077,700119641
315420,1336,819164942
315488,101,77253026
315557,33,38710387
315557,52,61014125
315640,63,34728224
315689,344,400327756
315689,436,502642243
315689,439,505208694
315705,36,27619806
315705,230,167848585
315973,395,483185657
315973,676,786121677
316199,1153,1597803610
316199,1187,1642142644
316199,1194,1651483548
316719,112,144832185
316985,136,180258266
315790,48,34297375
315790,51,36673703
315790,160,117184377
315790,179,130701073
315790,179,130982375
315790,459,312026112
316758,1418,2051096771
316985,62,73903612
315840,91,84572351
315840,139,153353822
315840,153,172510937
315840,159,181025714
316059,122,137774445
316059,122,138105405
316059,162,182244920
316059,202,224991694
316059,295,323715206
316059,380,403646532
316457,1174,1330981394
316469,19,10026606
316469,31,26044497
316469,52,51115690
316569,258,320646710
316569,1210,1648752980
316718,1,85562
316718,17,27361438
316718,75,118190819
316718,157,242756404
316718,169,260881834
316718,169,261093633
316995,81,98436289
316995,260,390898480
315322,809,528447303
315713,355,468268910
315713,816,993596987
315713,942,1114567452
315721,484,616443492
315721,484,616585885
316590,494,670934318
316719,104,133978737
315322,1317,770633981
315366,588,318478730
315366,457,254778905
315488,577,544342831
315644,117,144671345
315646,20,15273520
315689,689,752181130
315703,344,363607230
315786,61,62552543
315801,3,1196930
315801,174,175191724
315801,333,321444996
316059,341,364216032
316082,69,65949998
316239,113,133095976
315361,46,19297104
315506,14,17108760
315646,2,1191032
315646,33,25008927
315703,243,264708632
315705,60,45920201
315705,101,76572638
316187,70,97603535
316202,180,253651513
316216,335,445127446
316239,116,137030444
316457,593,689820231
316457,1433,1604461805
316470,116,153892685
316110,68,96000215
316505,297,353741214
316505,918,1190726376
316505,1254,1643180802
316505,1296,1708338435
316613,96,42457933
316569,1397,1917923109
316702,66,93807353
316702,263,371013401
316716,143,180959525
316719,31,43537557
316719,67,94650049
316720,147,201129655
316876,575,786789188
316876,588,802057328
316876,594,809798186
316879,39,47557809
316879,87,112516568
316199,639,863975045
316199,679,910657839
316199,709,947904449
316199,784,1070125676
316199,799,1093356886
316199,799,1093644768
316199,929,1290496366
316239,203,253813656
316239,354,448528433
316239,517,642406086
316239,517,642317667
316239,517,642421565
316239,393,495545227
316240,31,44408944
316240,193,275108223
316240,204,290462621
316240,219,311155017
316240,295,412467928
316240,598,831328646
316240,598,831377184
316240,654,915757192
316457,134,178454401
316457,162,216041540
316457,384,438043397
316457,388,441147907
316457,405,457743895
316457,421,475066734
316457,443,503851620
316457,461,527796734
316569,33,24455949
316569,43,36657797
316569,1093,1487686924
316569,1093,1486697612
316569,445,563322475
316569,504,653159753
315800,120,128307121
315800,131,144986661
316114,285,306218621
315800,216,260411480
315800,256,314627877
315800,279,345167225
316380,169,117658262
316380,403,285332852
316380,465,340800473
316380,899,735437163
316758,281,394108520
316758,274,385544756
316758,322,447947340
316985,391,528962444
316995,16,19455572
316995,17,20605442
316995,18,22088824
316995,18,21798973
316995,30,36819741
316995,50,61071869
316995,54,65777223
316995,71,86701072
316995,118,157926620
316995,94,118951780
316995,95,119153280
316995,150,212639550
316995,215,318305951
315361,281,241329678
315361,320,275340427
315361,359,307912461
315361,404,345204346
315361,568,469929595
315721,171,229980354
315721,205,276973575
315721,208,281391426
315721,214,289520824
315721,233,316865569
315800,89,83784078
315713,466,606280972
315713,493,638884408
315713,590,751696958
315785,17,22424279
315713,412,538239308
315973,437,530423584
315973,680,789550051
315973,706,815616911
315973,709,818399756
315973,728,836668661
315973,729,837822253
315973,714,823736041
315973,760,867625949
316153,304,408698297
316153,397,522685606
316153,414,547628157
316153,425,559333311
316153,484,629372675
316153,489,636419126
316153,499,652550415
316153,502,657104630
316153,530,701766107
316666,390,543995566
316666,273,367032543
316666,597,847814118
316666,396,553724545
316666,403,563434086
316666,438,613604604
316766,201,239144623
316766,71,55883902
316766,100,92611002
316766,1444,2008916447
316766,199,236763888
316766,199,237179255
316766,110,107635349
316766,186,217630724
316766,399,514715859
315689,209,240202429
315689,262,304611527
315713,484,627261776
316187,805,1099133814
316187,861,1176785976
315785,48,64011739
315785,94,124616304
315785,134,176351942
315973,86,75466810
315973,87,76798829
315973,122,129160688
315973,136,150147052
315973,141,156122625
315973,147,165946956
315973,156,177763671
316758,198,277246519
316758,227,319159965
316758,242,341457440
316758,247,347591478
316758,277,389449310
316758,362,497596510
316758,619,855916677
316758,719,1009077270
315689,184,207972917
315801,173,174166447
316199,250,352397482
316199,310,440553215
316199,325,462210180
316199,154,206286814
316199,446,626532231
316199,772,1051816977
316199,903,1252071992
315705,418,286271965
315705,484,324722812
315713,431,562986262
315713,557,712291485
315713,552,705863139
315801,289,281537553
315801,312,302457379
315840,144,159806236
315840,173,199438910
315840,233,281512213
315840,270,332188214
315420,499,370344088
315557,64,74713501
316187,1026,1394113678
316187,1040,1411308780
316201,162,203599352
316201,163,204345460
316201,238,321341775
316701,5,3922692
316701,43,50697028
316701,170,230108412
316701,209,292661540
316702,71,101817798
315420,38,21556078
315420,62,38744418
315420,79,54474039
315420,99,70738339
315420,45,24452975
315420,176,135359251
315420,525,387743421
315420,526,388214062
315689,750,806197772
315689,720,779437097
315689,746,802913518
315689,789,840002762
315689,792,842665812
315689,754,810414742
315689,762,817100371
315689,793,843595529
315689,783,834689800
315689,796,846431622
315689,816,863303020
315770,63,47009531
315770,185,243818441
315770,273,379646129
315770,280,389337014
315770,280,390247240
315785,75,100061125
315785,46,61759982
315785,98,130001891
315785,106,139929912
316187,641,856008168
316187,131,180921632
316187,132,181748770
316187,147,201924464
316187,168,230182153
316187,168,231289825
316187,267,357985457
316187,486,627644001
316187,549,711956704
316187,264,354959870
316187,270,361700907
316082,258,328389378
316082,263,335877781
316082,282,360808368
316082,283,362297624
316082,283,361081833
316082,283,361800689
316082,298,380624772
315801,292,284803013
316060,78,66412300
316082,218,275559853
316153,9,10979738
316187,1058,1434432325
316187,1954,2748910005
316199,681,913733315
316199,765,1040404157
316201,10,11540109
316201,15,17778501
316201,143,172752515
316380,793,639317492
316993,218,252791878
315264,111,117793120
315264,120,129257225
315264,122,131518842
315357,57,27265607
315357,60,29024447
315357,112,81947418
315357,88,57148038
315357,173,141480993
315357,190,156528401
315357,207,172715384
315713,224,295818841
315785,13,17764379
315785,13,18012592
315785,65,86555984
315785,76,101584888
315785,196,250059438
316082,208,263928359
316082,245,312126050
315512,395,338880674
315512,973,718376986
315721,429,555515858
315741,85,92439987
316569,1895,2644285978
316667,6,6880346
316667,115,171197693
316667,101,150266611
316717,21,24555257
316718,273,403892571
316758,1172,1685807570
316758,1205,1735721317
316758,1211,1744599702
316766,881,1197536547
316766,174,201520346
316877,249,378440775
316879,4,16392
316879,6,2196689
316879,16,16718820
316879,27,30964947
316879,32,37314862
316985,92,114177431
316993,152,163255608
315363,9,5464113
315363,9,5918091
315489,197,117238844
315510,11,12318068
315543,59,23531600
315702,44,18330612
315703,59,65103732
315703,62,69300104
316217,252,320327706
316218,72,109042472
316241,65,101045987
316241,123,194452322
316271,87,87644359
316722,629,903991465
316876,537,742125656
315512,213,193348779
315512,229,206698506
315512,295,260947468
315512,299,263554456
315512,305,268909429
315512,374,322447697
315764,43,19952114
315764,43,20699326
315764,72,59932241
315764,80,73801166
315764,83,78634582
315764,164,210349721
315764,167,215039153
315764,180,236371684
315764,215,291746862
315764,227,309209090
316569,620,820740154
316569,284,350599291
316569,363,438127612
316569,364,438709739
316569,381,463678091
316569,382,465074532
316569,416,519009981
316569,429,537841978
316569,431,541719673
316569,745,1007366496
316758,21,28774114
316758,37,45363182
316758,323,449542488
316758,353,486249641
316758,383,524371877
315510,82,91627927
315510,77,86261947
315510,105,118528831
315510,105,118479271
315510,100,112656202
315510,104,116709256
315510,121,136599647
315510,226,250821215
315510,136,152943590
315512,630,506919823
315512,773,598367806
315512,849,645114701
315512,884,665930163
315840,466,574655822
316766,212,256790810
316766,212,255589311
316766,234,289558309
316766,239,295893782
316766,268,338069227
316766,268,337875486
316766,345,444395337
316766,392,505633194
316766,418,539241032
316766,427,551233699
315357,130,99284139
315357,196,162519633
315357,338,280579325
315357,342,283970651
315357,467,386234302
315357,474,391592978
315357,483,399211450
316110,3,4131071
316110,41,58208625
316110,53,74977512
316110,21,28611615
316110,40,55927581
316766,219,266951832
316766,229,281898236
316766,267,336548099
316766,321,412201523
316766,334,429601687
316766,346,445993310
316876,80,87568848
316876,98,114049479
316876,202,280397015
316876,112,136072738
316876,166,225239141
316876,167,226482018
315361,92,61175405
315512,12,10993162
315512,90,84221911
315644,26,32245777
315644,28,35572022
315644,43,53958029
315644,60,74835668
315644,73,91096708
315645,506,479251622
315741,78,81260366
315741,79,82082864
315741,79,83482432
315974,11,9062132
315974,28,28051486
315974,41,46662238
316113,9,8194941
316113,14,13821867
316113,40,43905018
316113,45,50101312
316113,20,21284009
316153,45,65190111
316153,60,87475366
316153,79,114876859
316361,98,51817975
316569,1349,1851266428
316590,363,502528222
316717,116,138014188
316876,528,731240174
316876,553,761085380
315713,42,30889031
315713,59,56266454
315713,128,158274486
315713,157,201131004
315713,682,854779775
315713,754,931448465
315713,772,949952540
315713,776,954183833
315713,841,1018991371
315713,893,1069599502
316457,85,113431112
316457,90,120868100
316457,221,277506108
316457,254,311056479
316457,241,298281765
315361,148,119310367
315361,418,357231778
315543,127,104157892
315543,131,108892214
315721,332,442160319
315721,391,512015947
315721,495,628640236
315721,523,659444328
316199,168,227685938
316199,170,231051935
316199,171,231940427
316199,178,243994349
316199,184,252477211
316199,189,260698018
316199,67,64683905
316199,398,562780362
316199,1126,1561973712
316216,343,456515617
316219,99,155051387
316666,481,677612466
316666,766,1092129007
316718,269,397387116
316758,1142,1638079661
316758,1430,2067571930
316985,250,343895262
316985,322,440788397
316995,283,427061053
316995,320,482203114
316995,320,482673617
316995,358,540156343
316995,460,695341075
316995,471,712487589
315339,226,150322009
315339,512,339658095
315361,44,17385772
315361,234,199751330
315361,265,227161994
315361,380,326251097
315361,577,476445983
315361,579,477663811
315506,96,116847156
315322,1133,689949304
315322,1242,738735995
315363,53,35660615
315784,148,190456826
315790,184,134260561
315790,675,433663797
316114,375,390452506
316114,444,454238516
316666,443,619935195
316666,406,567715338
316766,1448,2014715122
316879,72,91552620
315322,158,118701194
315702,93,72704905
316569,1166,1581436051
316569,1475,2026008346
316569,1765,2444246526
316717,2,1643572
316720,165,228580845
316720,155,213763029
316722,321,430910931
316722,361,483847125
316758,1353,1959571358
316758,1469,2122013266
316876,483,674975344
316876,584,797654947
316877,377,566775194
316993,192,218234379
316995,227,338096917
316995,427,644862984
316995,453,685498263
316110,180,247671423
316110,181,249030016
315420,422,317702515
315488,168,153530740
315506,56,65321246
315644,102,126065394
315644,103,127382572
315646,68,50983290
315646,96,71399934
315689,671,735578978
315840,264,324611686
316153,735,998262882
316186,40,17771403
316202,296,440534792
315721,545,682738521
316569,1898,2647941924
316613,208,119184694
316615,272,162923164
316666,667,952002862
316667,186,273833508
316723,13,17250029
316766,1565,2177413228
315322,398,289727843
315322,429,310020997
315322,322,239622841
315322,619,423713189
315770,278,386742878
315790,842,527002473
315973,509,610004730
315973,476,574554518
316110,58,82335986
316110,59,83368343
316505,308,367468548
316505,390,466930165
316505,427,510020539
316505,448,533977065
316202,12,15660540
316240,168,241328752
316361,216,109092532
316457,711,826189042
316470,195,258947930
316766,142,155859855
316766,191,225074712
316876,270,382248398
316876,282,400044454
316985,135,179689637
316985,41,46537298
316985,45,52303430
315703,459,467566754
315703,496,500606362
315703,500,503461910
315703,482,488198936
315703,520,520270026
315840,837,952998837
315840,951,1053643710
315840,1058,1142142921
315840,1106,1180871627
315840,1098,1174368377
316199,98,114876864
316199,123,155828702
316199,137,179663633
316199,152,202136502
316199,161,217209610
316199,163,220337444
316199,144,189373652
316199,183,251745830
316199,205,285369210
316199,249,352015819
316505,251,295108964
316505,284,338420618
316505,301,358350253
316505,318,379846959
316505,313,373524907
315645,290,292571392
315645,318,317727817
316505,454,540744392
315322,577,399408935
315322,1298,763406907
315690,18,12369963
315690,30,19998206
315690,30,20126814
315690,89,59879153
315690,162,106801247
315690,164,107932191
315690,285,181725839
315690,376,234333491
315690,404,250188484
316666,616,876221579
316666,636,906212389
316666,636,906543761
316666,648,924561281
316666,678,968110900
316666,681,973321311
316666,893,1264142828
316758,26,35944445
316758,26,35986149
316758,257,362080133
316758,483,648607105
316758,398,544654303
316995,74,89904003
316995,250,375696564
316995,41,50216649
316995,98,124974714
316995,430,650120384
316995,560,845269239
316995,324,489513039
316995,409,616506509
316995,443,668990130
315357,643,518742969
315645,169,177190794
315645,213,220032144
315645,222,229404415
315645,252,256523520
316569,560,734872020
315645,294,296382621
315646,447,305103940
315646,627,409278476
315689,210,240848924
315689,224,258612871
315689,254,295273085
315764,285,395725247
315974,6,4697765
316061,3,2713262
316199,1043,1449646448
316201,451,632337299
316590,490,663114918
316720,180,250798419
316722,446,616648490
316876,597,813115757
315543,146,126972690
315713,812,990792650
315713,910,1085978056
315713,936,1109220916
315713,1074,1233138418
315973,159,182045458
315973,160,184435245
315973,181,213691845
315973,237,288438950
316082,78,79527866
316082,84,88536696
316082,110,126512168
316082,113,130675905
316082,115,133686273
316082,124,146707139
316082,130,155795687
316082,138,166574605
316082,230,290930096
316082,234,296364415
316082,184,230719781
316469,196,248579320
316469,196,248925213
316469,202,255982770
316469,282,358263336
316569,659,878077378
316569,687,922492319
316569,797,1079892198
316569,1120,1521733025
316569,1197,1629210578
316876,46,40897466
316876,149,198288039
316876,441,615020520
316876,99,115136114
316876,120,149631571
316876,285,404537248
316876,286,405160320
316985,106,135096689
316985,225,309160525
316985,226,310672365
316985,348,475462554
316985,133,176749516
315512,830,633863389
315640,58,28561432
315721,561,699790866
316114,389,403267245
316216,275,360696109
316216,277,362612928
316218,884,1226868723
316218,925,1281025588
316218,949,1315474357
316218,950,1315777191
316240,1212,1713372721
316240,1205,1702404149
316241,269,403186678
316241,272,408126412
316241,114,179364816
316241,115,182110306
316241,126,199022725
316271,39,19496367
316613,122,61806561
316613,188,106276458
316667,169,248887512
316667,183,270129651
316702,316,461165490
316717,33,39706068
316758,145,200460630
316758,1579,2277302281
316758,1580,2278722885
316995,302,455759204
315510,71,79616458
315510,94,105663424
315510,165,185847906
315510,172,193548259
315510,204,227086972
315510,240,265442872
315510,241,266243539
315512,241,216903560
315512,241,216782826
316472,156,198722690
315512,558,458348143
315512,622,501508668
315512,672,533977167
315764,118,135619986
315764,147,181959505
315764,204,273979612
315764,237,324837169
315770,65,52044233
315770,72,63269472
315770,89,91983189
315770,93,97821345
315770,93,98845262
315770,109,124591089
315770,149,185912068
315770,163,207847126
315770,163,208295068
315770,201,268071665
315770,279,387906424
316569,544,713098327
316569,588,774564094
316569,402,495627045
316569,555,728559391
316569,601,793125409
316569,613,810707962
316569,698,940278983
316569,756,1022511649
316569,787,1064362705
316569,919,1255659207
316569,919,1255816572
316569,804,1090645556
315265,28,29298312
315361,116,85707321
315366,45,28098559
315366,352,201955153
315366,570,309904188
315420,34,18882512
315512,872,658629717
315713,248,326871660
315713,324,428870791
315713,858,1035593992
315713,866,1043611894
315721,378,497581036
315770,307,429014158
315770,312,434932020
315790,75,54713246
316058,94,86418543
316060,146,123125348
316060,151,127444543
316060,265,238778089
316114,1551,1537929673
316216,456,604890328
315689,736,793736648
315689,905,936307744
315713,171,221966189
316700,214,265377846
316722,607,869471777
316722,609,872427380
316722,610,875171171
316758,1000,1428054377
316766,1624,2262140312
316766,1632,2273138326
316766,1661,2314976457
315366,193,115602520
315366,466,259502049
315555,91,97271307
315689,1041,1039170370
315800,72,58251239
315800,81,71644368
315840,701,823540675
315840,721,842437883
315840,732,853852374
316153,98,142230657
316153,126,180950594
316187,1286,1756206644
316187,1311,1792852122
316187,1315,1798413525
316199,324,461647499
316199,78,81574788
316217,57,67083382
316217,63,75218951
316217,165,192823749
316218,147,218152196
316218,846,1176402292
316241,72,112918807
315644,74,92185009
315644,123,151639577
315644,168,202767352
315689,137,150968340
315689,29,13411497
315689,57,44315731
315689,93,93136321
315689,101,104971708
315689,105,110048827
316153,58,84975271
316153,75,109254613
316153,109,156804727
315713,182,237910131
315713,199,260939930
315713,239,315014809
315801,199,199827444
315801,225,224237806
315801,248,244044738
316216,103,122803058
316216,256,339246219
316216,196,259035404
316216,196,259338013
316216,187,247261526
316218,324,459069065
316218,392,545707530
316218,414,572005023
316218,421,581265270
316218,463,633228463
316218,466,636946742
316218,471,642271656
316218,492,668075834
316766,526,673208564
316766,527,673660049
316766,565,719634211
316766,572,727776814
316766,673,885989204
315713,288,379570800
315713,294,387882707
315713,411,537087543
315713,291,383734529
315713,583,743104428
315713,900,1076305245
315713,918,1093412340
315713,918,1093136520
315713,1009,1175803207
316153,2,981528
315800,135,150438119
315800,142,160164369
315800,143,161044974
315800,182,215519462
316153,161,228445408
316153,157,223893685
316153,159,225701708
316199,452,633589717
316199,481,670618072
316199,692,926095638
316216,229,304157684
316216,242,320637364
316216,415,552010224
316216,450,597178887
315357,765,603700847
315357,765,603531218
315357,766,604218331
315357,792,621488267
315366,136,82709585
315420,116,85413451
315420,193,149496080
315420,200,155435200
315420,1645,946649052
315420,1664,954577394
315689,26,9354693
315790,310,219721986
315790,463,314198098
315790,504,338584698
315790,792,499053048
315790,771,487069080
315790,802,504160918
316082,288,367722620
316082,294,376121871
316082,294,375984418
316082,344,438756914
316187,1261,1717949097
316187,1398,1915273300
316187,2002,2822913657
316217,19,21573638
316217,150,175789050
316457,525,606901700
316505,1106,1453809066
316879,149,195143597
316993,78,60915441
316994,11,12760929
315713,70,67175465
315713,174,226545015
315800,133,147235129
315640,46,17619765
315640,80,51362656
315646,553,367658179
315689,356,413967111
315713,647,816640112
315721,42,28911039
315721,328,437668214
315770,41,20909053
315840,1142,1203601212
316059,542,551010062
316059,544,552851120
316082,215,272725127
316199,236,331998982
316240,77,110051106
315512,136,125794551
315646,321,226147379
315690,599,353587524
315702,47,20072247
315702,109,91026336
315721,498,632226924
315790,692,442813831
316199,1057,1468756938
316201,235,317314175
316201,340,473754542
316217,259,331691228
316219,124,185065773
316239,80,87291327
316361,101,53803546
316505,201,229782224
316505,1122,1475251490
316758,695,973928820
316758,737,1036690167
316766,1764,2446647725
316766,2085,2900646020
316060,867,897018801
316060,898,926922646
316114,553,549391045
316114,574,566444716
316114,593,582224802
316114,594,583235130
316114,641,622276311
316114,698,667781531
316114,705,673319261
316114,727,691016106
316114,729,693735680
316187,83,114232050
316187,349,462053111
316187,388,510658612
316187,389,512024913
316187,389,512074609
316187,448,582116170
316187,450,584940299
316217,7,6241679
316217,12,11853025
316217,34,39613000
316217,35,40666574
316217,136,160303776
316590,218,309257561
316590,221,312892841
316590,176,249274273
316590,191,270872072
316590,243,343344678
316590,251,354731067
316590,254,358986065
316590,260,366867749
316590,277,390575384
316758,449,607359731
316758,538,723515918
316758,640,889156599
316758,642,892236079
316758,686,960770217
316758,705,988250335
316758,744,1045996178
316758,746,1049036397
316758,792,1118019057
315420,248,191913963
315642,32,38658147
315642,36,42903623
315642,51,61648528
315645,18,19821380
315646,833,518172502
315646,886,547315337
316060,11,9066041
315690,339,213226274
315690,606,357428093
315790,726,462275178
316216,451,597773847
316216,454,601893718
316219,277,429572196
316219,60,94186048
316758,173,242242574
316877,54,85836855
316877,313,474363318
316993,129,132758724
315264,93,94316967
315264,114,121436802
315489,396,225583032
315489,403,229065510
315489,428,242020733
315489,482,269777410
315489,497,276901735
315721,50,39720320
316058,307,381926864
316058,378,471138890
316060,392,395899583
316060,605,634217203
316060,806,838559171
316060,872,902200808
316082,354,450296263
316187,1249,1700783519
316199,942,1308066935
316218,59,88637298
316241,190,294887764
316569,933,1274768339
316569,1919,2672390086
316615,222,134892244
316993,232,271211581
315357,752,595142143
315690,331,208222907
315973,913,1009768862
316058,145,157006014
316060,843,873952120
316060,844,875657066
316061,206,151463480
316062,4,1994529
315840,224,269181610
316153,235,323924477
316153,235,323742906
316153,247,339104236
316153,280,378358747
316187,120,164949926
316187,1516,2072916765
316187,1512,2067398843
316187,1580,2169465741
316216,37,25693509
316216,38,26654650
316216,78,83660983
316216,99,117459712
316216,273,357808413
316218,2,2774371
316218,37,56299589
316218,52,77679727
316271,53,35018130
316271,66,55722578
316361,194,97746070
316457,587,683528634
316569,53,50320625
316569,111,130660688
316569,1601,2193521011
316569,1601,2193450629
316569,1605,2198992258
316569,1616,2213891591
316569,1653,2260978556
316876,97,112065270
315644,134,164520173
316114,648,627353012
316187,1659,2295112835
316187,1756,2442177755
316219,163,246653617
316240,873,1234195508
316569,29,19894294
316590,522,717121636
316613,97,43181987
315357,604,491058201
315363,39,26179297
315557,91,103972312
315689,169,190014983
316766,105,99035091
316993,239,281539692
316993,239,281472942
315322,1059,655301622
315361,64,32500735
315361,328,282174062
315361,331,284747147
315361,557,462419748
315361,557,462151664
315361,228,194151359
315840,827,943789694
315840,876,988407448
315840,878,990505364
315840,887,998509183
316114,514,515411339
316114,865,859033660
316114,1125,1147007261
316114,1161,1183210109
316199,124,158938705
316199,257,362758956
316199,304,431892396
316505,1007,1318576427
316505,1024,1341441261
316505,1026,1344504701
316505,1061,1393268350
316505,1072,1408159516
316700,128,140429722
316700,149,170576500
316758,780,1099700290
316877,227,343117235
316877,240,364212109
316877,371,558484873
316985,212,290583856
316985,243,333327658
315512,923,689244753
315689,479,548034470
315689,498,567914065
315689,499,568982598
315689,499,568901650
315705,431,294337572
315705,467,314705503
315764,258,353877819
315973,903,1001311505
316060,668,700333612
316060,541,565153865
316060,453,465151549
315973,910,1007528777
316082,255,325595139
316201,188,244237552
316271,36,16295552
316470,26,35278001
316470,267,350798066
316666,914,1294694894
316716,49,58746213
316766,1393,1933732209
316766,1709,2380275028
316766,1717,2390451889
316766,2064,2869415069
316766,1925,2653758872
316876,375,529586259
316877,102,158679901
315420,84,58859082
315420,178,137509287
315642,48,57717948
315784,147,188925432
315840,883,994474198
316058,164,186520513
316058,268,331486538
316058,277,343156771
316058,305,380466988
316058,306,381765227
316058,313,390350602
316058,320,399649510
316060,357,353292873
316187,3,3714387
316187,13,17238742
316187,33,44901073
316187,33,44725704
316187,919,1255229597
316569,195,241623898
316569,376,455183170
316569,1877,2617559750
316720,2,2592853
316720,123,163563684
316758,163,227439059
316766,1801,2497139571
316879,13,11694639
316995,202,297999174
315339,57,20380000
315357,174,141710640
315512,974,718970917
315512,1118,798191260
315543,81,45732975
315703,138,154791083
315703,529,528129657
316113,54,59843375
316187,1624,2240560817
316219,79,124145962
316239,184,229885220
316239,479,597570499
316239,218,273497679
316240,618,861923215
316240,1064,1498201591
316380,594,449214076
316380,1114,943099184
316613,234,136215084
316666,874,1238779510
315420,303,232595918
315420,561,410733315
315721,65,64812531
315721,132,173475233
315770,180,234679659
315770,153,192456929
315770,227,308027212
315770,251,345636391
316505,1353,1783266118
316569,1195,1627012464
316569,1248,1705632304
316569,1666,2283067205
316110,139,192680178
316110,169,232746206
316110,170,234406692
316766,783,1054781664
316766,752,1006346703
316766,753,1008839132
316766,754,1009537324
316766,778,1045924045
316766,867,1177434580
316766,791,1066809621
316766,901,1229072458
316766,926,1268344551
316766,863,1171873408
316766,909,1242273798
316766,919,1256998230
316766,934,1279307648
316876,65,71803555
316876,50,47764954
316876,194,268436112
316876,115,141981699
316876,116,143588070
316876,119,147561352
316876,125,158339912
316876,248,349370041
316993,74,55457381
316993,90,78428004
316993,158,171672080
315488,466,447758604
315488,441,425305022
315488,442,426721902
316058,102,97738447
316058,91,81088908
316058,204,244076887
316058,228,277460030
316059,244,270978091
316059,282,310908738
316059,309,338709007
316110,153,211784259
315488,395,382832638
315488,396,383536790
315488,396,382997908
315488,401,388172657
315488,759,688893616
316110,201,274702866
316199,730,983112454
316199,924,1282925519
316199,961,1335032326
316199,946,1313156234
316199,954,1325407487
316239,373,472912067
316239,456,570165686
316457,381,435220111
316457,558,647741070
316718,205,309172267
316985,341,465507417
316985,418,562848557
316985,464,618000306
315703,1,362018
315703,92,104146498
315764,283,392571197
315764,290,402963348
315764,291,404107281
316569,965,1319162978
316569,1157,1567620750
316569,1214,1655378428
316569,1562,2142555264
316569,1563,2144552384
316569,1613,2209156890
316569,1644,2248654460
316569,1801,2500145774
316701,406,586020248
316701,446,646273257
316701,451,653967816
316702,211,293035293
316702,312,454511710
316719,47,65941035
316722,486,678468442
316722,518,731048474
316928,66,51580387
316928,102,109635480
316928,160,192941459
316993,101,94100082
315488,73,43402883
315488,86,59565115
315488,86,59479704
315488,167,152330785
315488,180,166541453
316700,179,213537409
316700,179,214558916
316700,67,49824916
316700,70,55304682
316700,158,182468971
315741,87,96223273
316199,209,290636928
316199,307,436908391
316199,343,487990234
316569,84,92815031
316569,109,127164792
316569,107,124338263
316569,119,141611350
316569,151,185074425
316569,173,213413739
316569,175,215852727
316569,180,222648504
316569,192,238674030
316569,213,264621122
316569,223,277865898
316615,92,58224829
316615,138,86117670
316615,249,150341359
316615,279,166479433
316702,23,31422526
316702,94,133991669
316702,189,262478554
315264,191,216487625
316059,521,531265616
316059,566,571864058
316082,100,112725643
316082,159,196024497
316082,201,253816845
316218,169,248401515
316218,169,248117526
316218,300,429140516
316218,375,523683073
316218,397,551384837
316218,417,575590730
316239,198,247690487
316239,237,297132195
316239,248,313064955
316239,249,313485343
316239,291,369413315
316472,115,140559259
316505,131,134821637
316505,1173,1540288440
316505,1284,1689088824
316701,91,105873822
316701,108,128666942
316701,271,388847397
316702,224,309106882
316758,30,39752037
316758,252,354354606
316758,618,854225993
315339,75,35405091
315339,89,47144608
315361,393,336480855
315361,393,335875959
315361,519,434930816
315361,485,409278873
315420,1221,767465559
315420,1290,798730664
315420,1535,902352792
315420,1726,978185809
315420,1741,983801678
315488,115,94652755
315488,128,109399938
315721,323,430584863
315721,437,565073016
315721,437,565044083
315800,566,685586884
316058,351,438449776
316114,1241,1262900416
316219,37,57787079
316219,273,423713108
315512,428,363420725
315512,455,383524408
315512,460,387558566
315512,522,432822634
315512,522,432661225
315512,522,432980735
315512,662,527738168
315800,224,271314025
315800,310,385291882
316666,488,688101622
316666,524,739898807
315800,448,554654826
315800,463,572092131
315800,499,611641213
315800,505,618423173
315800,508,621690708
315800,532,647594587
315800,532,648292572
315800,603,725055739
315800,608,729889528
316569,636,842439930
316569,752,1015959815
316569,1138,1543364696
316569,868,1183751835
316569,941,1286149257
316590,311,437138570
316590,321,450329317
316590,198,281275335
316590,201,285241479
316701,44,51664459
316701,45,53286146
316701,53,61790380
316701,100,115546752
316701,116,140883203
316701,276,396000754
316701,150,197670738
316701,162,217365228
316701,379,546706539
316758,648,900581351
316758,677,945634974
316758,616,852181719
316758,704,986490004
316758,1159,1665192437
316758,902,1285382049
316758,963,1375635630
316758,963,1375431246
316758,985,1406945899
316569,215,267512512
316569,226,281485920
316569,226,280725183
316569,241,299526346
316569,290,357945759
316569,291,358788023
316569,458,582973981
316569,522,680425118
316569,853,1162073445
316569,1368,1877322989
316666,421,589268150
316666,475,667622927
316766,216,262958087
316766,590,749369071
316766,667,875753937
316766,97,87372675
316766,148,165225849
316985,248,340379769
316985,83,100151867
316985,323,442650766
316985,396,535647150
316985,405,545952226
316985,406,547888554
316985,413,556563452
316985,445,594943408
316985,451,602649128
316985,184,249671113
316985,251,344911539
315713,923,1097037602
315713,971,1140694118
315713,1064,1224290177
315713,1103,1258233913
316271,76,71701199
316271,84,83160779
316271,92,95049517
316362,35,24589643
316362,242,169458952
316613,171,95018521
316615,11,6506922
316615,13,8214846
316615,86,54120340
316615,121,75636597
316615,137,85400933
316615,269,161508242
316716,112,141169779
316716,5,5129307
316716,108,134968628
316718,77,120768521
316718,78,123005150
316718,124,192699686
316718,163,251628739
316718,164,253193473
316718,188,286415711
316718,189,287673787
316766,468,601575563
316766,470,604368359
316766,648,844430919
316766,617,794257055
316766,751,1006200405
316877,174,265346280
316877,93,144444341
316877,135,208425632
316995,82,98863927
316995,187,273322605
315270,5,4077343
315270,300,252122183
315270,449,366953949
316187,410,537504387
316187,460,596547165
316187,489,630124894
316187,570,744445784
316187,598,790736855
316187,808,1103067993
316187,665,892813261
316187,735,998306503
316239,39,34577452
316239,41,37167923
316239,41,37163600
316239,95,106319109
316239,174,217261069
316239,75,79320820
316239,431,540034575
316472,67,78250665
316472,188,240644184
316472,190,242853698
316758,471,634872920
316758,520,694914164
316758,625,865585958
316758,634,879543177
316758,726,1019851161
316758,1104,1575291547
316995,102,131791174
316995,105,136033386
316995,125,169485115
316995,126,170224238
316995,199,293163938
316995,368,554404282
315488,46,17162331
315689,1107,1087507712
316766,376,484093849
316766,376,484200185
316766,400,516229125
316766,400,516226599
316766,412,530903652
316766,413,532486131
315420,1448,866935884
315488,791,713567744
315488,791,712924630
315644,78,97005466
316876,362,512063264
316876,394,555862504
316876,417,585650382
316876,492,686958579
316993,99,91033033
316993,105,98830577
316993,111,108048104
316993,202,231857948
315420,815,564366508
315510,166,186013219
315510,161,181665818
315790,297,211452263
315790,730,464381185
315790,731,464937844
315840,333,413626580
316060,562,588313925
316187,1599,2199578570
316187,1577,2164752374
316239,72,75999998
316240,1190,1678901861
316240,1221,1728672865
316240,1187,1673484214
316569,1019,1391776296
316702,187,261074311
316995,318,479865296
316995,418,630863186
315646,514,345408453
315646,562,372710959
315646,586,386593044
315790,894,551849981
315801,241,237762877
315840,1154,1213298143
316059,552,560033968
316082,50,37538926
316082,392,498587372
316505,1159,1521709386
316569,1200,1633915672
316666,781,1113546933
316985,122,159578193
316993,185,209667128
315689,585,654697949
315689,594,662961243
315689,1093,1076982455
315689,1093,1077148230
315784,134,169461492
315784,153,198107489
316199,360,510227172
316199,361,512176208
316199,745,1007670207
316199,747,1010886019
316199,871,1204612084
316199,968,1345073443
316240,61,86626144
316240,401,546501280
316240,406,553255890
316240,471,631297087
316380,111,78418048
316380,113,79287122
316380,432,311505041
316457,18,27141084
316457,71,94990441
316457,340,395057585
316457,357,411733030
316469,286,363392721
316469,353,445547690
316469,353,445673896
316469,361,455055102
316469,400,502243480
316722,89,125791318
315713,718,895001127
315713,728,904075665
315713,767,945109615
316187,1403,1922727516
316239,191,238749106
316239,228,287051117
316239,251,316519330
316239,253,319523148
316239,269,340973785
316239,307,390762852
316239,318,403599194
316569,394,483839034
316590,55,58011119
316590,433,588237658
316590,427,581975672
316590,516,707630550
315339,388,259924929
315357,278,233400161
315357,492,406285642
315357,818,637980704
315420,1655,951074607
315420,1655,951017227
315490,10,2919193
316059,26,29653992
316060,211,175698440
316187,151,206691677
316239,145,176418565
316239,297,376667412
316472,237,307329876
316667,25,36415195
316667,160,235501492
316720,163,226715586
316110,79,112005836
316110,98,136854361
316114,341,357891099
316928,76,68792146
316985,484,642086281
315721,123,158223918
315721,194,262342462
315721,288,387768165
315721,505,639439866
315721,509,643615235
315721,518,653624580
315721,519,655169876
315770,207,277891521
315770,214,287548123
315770,225,305714480
315770,225,306397585
315770,257,354749771
315770,285,396683977
316666,49,60464797
316666,537,759021713
316722,160,223532014
316722,3,3768372
316722,10,14162130
316722,33,47903102
316722,331,444470921
316722,150,209973846
316985,358,487080635
316985,143,190868858
315339,93,50132008
315339,109,63333633
315800,317,394111042
315800,407,505687618
315800,458,566115593
315801,26,25736747
315801,66,67696349
316058,331,413336430
316110,6,8247023
316110,8,11418441
316110,9,12897324
316505,213,245244566
316153,16,22408363
316218,61,91305369
316239,61,60074892
316239,62,61018565
316239,65,65312249
316239,263,331946110
316361,28,10834298
316361,92,47851513
316361,118,63741934
316361,139,74367713
316718,39,62012350
316718,66,104711198
316718,67,105258904
316718,100,157058842
316718,127,198245441
316718,165,254511142
316758,1235,1782687933
316877,243,367795475
316877,244,370078845
316879,131,170535747
315645,153,160541412
315645,156,163998648
315645,156,164332987
315645,192,199579113
315645,305,306678961
315645,390,382423704
315689,408,472381637
315689,468,536848842
315689,507,577231610
315689,509,578889563
315689,587,656765898
316199,294,416638951
316199,283,400635330
316199,288,407487082
316199,440,617563901
316199,586,801769577
316457,1077,1228348175
316457,1139,1293200777
316457,1158,1313815236
316457,1394,1559062623
316505,63,35617739
316505,883,1140018726
316505,272,322981411
316505,164,180850447
315257,44,31152428
315363,46,30666252
315363,76,49644120
315640,64,36773162
315640,74,49967273
315646,263,188439432
315646,906,557955506
315647,56,25218320
315647,57,25404723
315713,969,1139588280
316058,167,190587671
316114,959,967926048
316216,362,482591053
316472,162,206958930
316569,126,150606160
316613,173,96449122
316701,464,673842667
316985,458,611052666
316985,463,616831994
315322,258,194330486
315322,537,375779288
315646,363,252844346
315764,41,16970128
315764,165,212155111
315790,50,35549633
316113,3,2100451
316114,951,957961571
316114,1192,1214757023
316114,1201,1223120218
316153,197,276344743
316153,225,311469802
316187,80,111008052
316201,392,548107086
316455,38,11591036
316455,53,22472021
316720,54,70280410
316720,54,70463189
316758,1374,1989114691
316766,1552,2159934535
316766,1674,2332958966
316876,63,68005931
316876,195,269953619
316928,110,117807517
316928,122,132945598
316187,1018,1384476395
316187,1871,2618760287
316199,345,491373353
315488,439,423681532
315488,493,471796905
315488,539,512018345
315488,543,515124418
315488,561,531237607
315488,584,550024259
315488,591,556485787
315488,591,556225029
315488,610,571503352
316457,741,860371493
316457,741,860172698
316457,777,899242142
316457,788,912505008
316457,838,969717624
316457,876,1013646168
316457,968,1115710662
316505,480,570581842
316505,503,597931059
316505,504,598148534
316505,591,708766297
316505,643,790304982
316505,695,870431809
316505,865,1113623834
316505,728,919617748
316505,714,898928467
316505,771,980927916
316505,797,1018545075
316505,857,1100941250
316505,1281,1685473057
316505,1230,1610780933
315557,237,258400755
315644,6,7128691
315644,122,150481667
315645,586,541969813
315702,59,32840246
315704,43,34645636
315705,42,31942288
315770,143,175788750
316216,137,174223076
316216,350,466889169
315555,52,50045363
315555,77,81177202
315705,206,150978407
315705,257,185594673
315713,687,860364575
315713,688,861837355
315713,758,934980213
315721,361,476173239
315770,326,454867371
315770,327,456284656
315770,328,458658863
316187,514,660043191
316187,545,705477111
316187,1834,2560438795
316187,782,1065834036
316216,152,197774526
316216,286,375992438
316216,290,381730477
316216,321,426069781
316216,323,428250797
316362,12,7277057
316362,82,58536757
316362,121,85826000
316766,504,645935426
316766,802,1082657465
316766,807,1089424644
316766,911,1245102936
316766,938,1285731438
316766,993,1368236758
316766,1168,1612092611
316766,1199,1652168745
316766,1202,1656126240
316766,1263,1734819151
316928,134,151168368
315705,388,268417342
315713,748,924972941
315785,187,238880774
315785,190,242293962
315790,28,18530696
315790,282,201167441
315973,433,525414423
316110,2,2615226
316110,25,34304164
316114,249,271133899
316187,1878,2629648921
316216,77,81321776
316114,322,342536452
316114,324,344198174
316114,819,803080425
316114,935,941024746
316218,348,490332889
316219,76,120529416
316470,151,201700526
316718,81,127939645
316876,85,94659118
316876,439,612467308
315264,245,279270406
315264,251,285416158
315488,769,696723091
315543,141,121644455
315543,170,155282202
315642,35,42435455
315646,802,502271619
315973,872,972195112
316060,159,133755790
316060,773,806602983
316218,691,955979446
316455,59,30493846
316590,150,210706127
316590,180,254404506
315489,625,340483081
315689,939,963092714
315689,995,1004381281
315840,939,1043580801
315840,940,1044297368
316058,166,189263999
316110,82,115683445
316110,104,145209725
315645,313,313449720
316201,109,132512252
316202,166,232818920
316615,213,129898578
316505,314,375408786
316505,328,391462622
316505,530,628355290
316505,539,638471594
316505,575,683377230
316505,575,683922665
316505,575,682834254
316505,600,723575638
316505,600,724066625
316505,893,1154726135
315489,209,124237274
315489,212,125901261
315489,540,298500539
315506,23,24450945
315506,42,46803129
315689,335,390518740
315689,327,380968649
316187,27,36037566
316199,1061,1474348036
316199,1061,1474373549
316199,1129,1566087854
316199,1129,1565482089
316505,1300,1714588942
316505,1333,1762933689
316569,101,115742230
316569,75,79870708
316569,76,81390362
316718,35,56146461
316718,141,218363383
316766,2039,2831825294
316766,1536,2137993591
316876,446,622563900
316876,447,622870998
316876,472,658575134
316879,61,76489352
316879,67,84819155
315488,105,82842672
315488,295,286101822
315488,400,387667035
315488,465,446488054
315645,188,196054954
316153,323,432519413
316153,366,484403053
316153,732,994183710
316153,660,893573086
315645,442,426250889
315645,457,439065632
315645,468,448357204
315689,294,342810021
315689,305,355285907
315689,364,422784360
315973,212,254619646
315973,352,432569098
315973,330,405592672
315973,339,416679054
315973,342,420433301
315973,362,444221762
315973,379,463739422
315973,383,468570514
315973,762,869528762
315973,767,874806640
315973,789,895413784
315973,828,931501714
316187,130,178640689
316187,258,346154570
316187,399,524448966
316187,502,645783363
316187,621,824552409
316187,1478,2021386744
316239,368,466033153
316239,283,358689043
316239,550,680766749
315840,389,483625107
315840,445,549838048
315840,517,630058425
315840,631,752236613
315840,741,861941939
315973,263,321523389
315973,274,335432344
315973,417,506829473
315973,316,388604229
316153,148,211785026
316153,332,444443144
316153,713,967301431
316153,719,975706127
316199,603,821788121
316199,610,829540442
316199,669,899496728
316199,739,997209212
316199,744,1005311326
316199,744,1005291149
316199,762,1034551072
316199,764,1038878988
316199,833,1147154074
316199,840,1158160892
316766,120,122799497
316766,129,136935684
316766,253,316279155
316766,325,417438511
315322,994,623609562
315322,1019,636071710
315322,1039,645983020
315322,1050,651353578
315322,1272,751827583
315322,1284,756962669
315322,1289,759286696
315543,72,33683616
315543,114,88527268
315840,305,377656533
315840,310,384656675
315840,321,399116701
315840,322,400190726
315840,357,444605805
315840,417,517269886
315840,433,536053440
315840,444,548144487
316114,67,75277311
316114,115,129722927
316114,120,134534699
316114,208,228676926
316114,302,323007634
316114,358,374193495
316114,451,460518696
316114,832,818925021
316114,1031,1046573352
316114,863,855977568
316187,467,605078128
316187,474,613810355
316187,793,1081793964
316187,905,1236311668
316187,952,1299684178
316240,44,62189311
316240,110,158315628
316240,815,1151825589
316240,816,1153528679
316240,850,1201819968
316240,1006,1418190897
316240,1080,1520358213
316240,1088,1531528567
316240,1109,1559460556
316240,1113,1564900411
316060,254,225426931
316380,831,674389497
315270,338,282502598
315270,377,311914565
315322,42,23513127
315322,44,25359093
315322,70,47866978
315322,193,146080221
315322,215,162857558
315322,217,164332922
315322,445,320523690
315322,461,330694747
315800,470,578676568
315800,576,695483851
316153,48,70064288
316469,292,370226306
316469,396,496986309
316701,210,292871463
316701,268,384838291
316701,353,509766841
316701,356,513639527
316701,367,529897939
315361,161,131640235
315361,434,369863464
315361,437,372119320
315361,440,374747482
315420,1306,805673508
315420,1565,914446294
315489,89,54280918
315489,115,69956252
315489,226,133522535
315489,237,139490644
315489,476,266329720
315713,572,729475124
315713,572,730213869
315713,587,748017208
315713,650,819961507
315790,124,91246592
315790,204,148179968
315790,439,300259914
315790,480,324594294
316060,202,168673753
316060,234,201771040
315267,230,219665821
315510,144,162803874
315510,147,165791808
315510,182,204282267
315510,233,258117333
316505,133,137674803
316505,288,342607509
316590,148,206853442
316590,238,336155297
316590,307,432221359
316590,312,438737104
316590,378,521561398
316700,224,279902682
316700,229,287500859
316700,331,423532542
316716,34,44628355
316716,154,194866840
315690,645,379452102
316111,3,2674946
316114,875,870224733
316114,878,874593485
316187,9,13033920
316187,32,42909858
316202,383,590181579
316505,588,705126819
316700,182,218055426
316700,186,225138140
316716,102,126548846
316717,175,236171159
316718,251,372092644
316722,163,227246628
316722,341,457391615
316758,1369,1982110784
316758,1505,2173735889
316766,1389,1927716931
316766,1698,2364707405
316766,1806,2503856475
316766,1809,2508664676
316993,147,156357287
316993,144,152041000
316993,230,269025286
315259,44,29287375
315267,131,128960020
315267,157,153381297
315267,216,206959050
315267,217,208490673
316876,199,275822185
316876,199,276061534
316876,213,297442074
316876,245,345831201
316876,254,358872359
316876,254,358455946
315510,298,325292174
315510,321,346499280
315790,150,110334147
315801,68,69717538
315801,147,149496882
316216,259,343669940
316700,190,230112933
316985,286,392876956
316985,355,484325411
316985,371,503691474
316985,485,643198725
316995,88,107792033
316995,496,750358199
316995,505,764927084
316995,596,896375691
316059,153,172375747
316059,154,173386409
316059,109,123625547
316059,170,191090904
316059,173,193708043
316187,67,92674566
316187,67,93944016
316187,72,99894593
316187,99,137234737
316187,114,157489391
316187,170,233231603
316187,186,253206161
316187,187,255261218
316187,196,267305373
316380,40,28548510
316380,304,204245587
316380,26,18857258
316380,28,20377279
316380,79,55676811
316380,207,143031954
316380,330,223094581
316766,1029,1420593301
316766,1069,1477546757
316766,1068,1475612425
316766,1125,1553368714
316766,1162,1603242951
316766,1159,1598897675
316766,1201,1655537214
316766,1201,1655050935
316766,1280,1761002760
316766,1298,1789148843
315721,588,727190004
315721,600,739316772
316060,487,505176093
316876,265,375770173
316876,265,375434005
316876,295,418646995
316876,330,467534422
316876,307,435002278
316876,309,437978181
316876,336,477071352
316876,344,487841673
315488,506,483577337
315488,512,489327837
315556,15,18341762
315556,15,18733137
315689,1086,1072113738
315703,223,244372309
315703,285,307274589
315785,222,278467696
315785,250,310725463
315785,288,352186800
315785,289,352951055
315790,656,423370443
315790,585,384695127
315800,159,184538612
315800,159,184175566
316082,277,354031516
316082,370,470159410
316114,1512,1508914324
316218,607,828634079
316218,632,866090369
316240,292,408681926
316240,293,409725890
316240,685,958879334
316470,204,270437022
316505,767,976175712
316758,462,623573846
316758,530,710961216
316758,530,710908406
316758,531,712944827
315420,924,623488492
315420,1022,673628160
315721,557,695113735
315721,563,701535677
315973,753,861149612
315973,768,875348247
315973,769,876648332
315973,673,782906808
316060,578,605435515
316060,596,624930296
316060,719,751793172
316060,764,797492059
316060,810,841822957
316114,825,811154818
316153,186,261232970
316153,269,365157385
316153,269,364932270
316218,658,906056790
316218,687,949918045
316218,710,983112553
316218,715,990615282
316218,723,1003125223
316240,766,1079052628
316240,769,1084142671
316240,770,1084744722
316470,274,360884018
316470,359,472794131
316470,427,557767182
316472,142,178694283
316505,889,1149080975
316505,1227,1608150639
316505,1036,1358660741
315705,5,3456110
315705,5,3850726
315705,7,5294136
315705,76,58248237
315785,231,289503789
315973,584,690272608
315973,586,691998450
315973,611,718380371
316470,220,290123780
316700,141,159492908
316201,298,413717479
316201,299,414031165
316201,324,452153117
316217,65,77503463
316217,129,152055389
316217,181,210572361
316701,246,349808265
316701,293,420618380
316701,302,435062496
316701,304,438542381
316701,305,439844592
316722,52,74529749
316722,92,129947571
316722,245,336076627
316722,255,348574047
316722,567,809896311
315690,640,376664189
315790,426,292541389
315801,99,101063571
315801,238,235452542
316058,227,275642549
316059,403,425745795
316059,558,564669781
316060,343,336554341
316111,30,34351110
316114,1339,1355570788
316199,1195,1652559467
316217,216,263723135
316218,919,1273684321
316700,84,76050292
316995,97,123224971
315512,763,591934517
315512,893,671258663
315512,962,711839657
315512,963,712767084
315512,1038,754772056
315764,206,276942004
315764,306,425462989
316457,141,190521819
316457,261,318479396
316457,331,386986855
316457,344,399107813
316457,345,400490771
316457,350,405097941
316457,458,522817272
316457,489,562684667
316700,199,243656617
316700,234,294149585
316700,252,319579298
316700,254,322226998
316700,223,277972673
316700,341,436149525
316700,255,323096973
316700,266,338647294
316700,302,386390491
316876,250,353258361
316876,275,389651013
316876,329,466982480
316876,329,466773164
316876,493,687341416
316876,435,609626720
316876,508,706418485
316993,91,79754106
315357,706,563004263
315357,739,585504366
315420,630,454109105
315420,706,500823577
315420,723,511168300
315420,775,541419841
315420,864,591371882
315420,1043,684039482
315420,1071,697186303
315420,1107,714696983
316059,6,5897037
316059,6,6074900
316059,10,10988823
316059,425,447071954
316059,363,386540517
316059,43,48087194
316059,419,442007682
316059,435,457392055
316059,443,464772430
316059,481,500505132
316059,429,451105325
316059,457,478635081
316217,16,17699157
316217,27,30315520
316217,45,52685253
316217,47,55972444
316217,66,78750506
316217,82,96506910
316217,105,123902475
316505,85,68375537
316505,119,117710736
316505,119,118638303
316505,119,118843372
316505,121,121504136
316505,188,212682732
316505,195,221659361
316505,255,299837649
316505,286,340886195
316505,230,267623553
316505,394,471773112
316505,436,519977531
316505,487,579130950
316505,639,784914595
316505,636,779978503
315512,86,81217965
315512,88,82334100
315512,99,92420413
316505,1062,1394764104
316590,26,23331986
316590,51,53058968
316590,72,87999264
316590,82,103429612
316590,94,123373907
316590,110,148859360
316590,113,153300205
315543,117,92684231
315543,150,131648516
315543,128,105133728
315543,129,106906152
316058,84,71703799
316058,137,145287295
316058,170,195084841
316153,603,811909741
316153,509,668117760
316153,521,686978154
316153,495,645978412
316153,543,721218534
316153,550,732155499
316153,573,767545511
316153,655,886392698
316153,655,886167339
316153,700,950166712
316153,727,987133263
316153,745,1012089107
316153,768,1042551514
316240,56,80450043
316240,48,68044754
316240,57,80790412
316240,446,601655877
316240,321,446353760
316240,355,489983467
316240,386,527924779
316362,442,306363529
316362,68,48872803
316362,426,296259735
316505,322,384993596
316505,629,770187822
316505,629,768834495
316505,1301,1716126497
316505,1307,1724678700
315512,192,174764656
315840,391,485753006
315840,392,487846732
315840,438,541308586
315840,499,610783620
315840,555,671157770
315840,558,674622558
315840,618,739493754
315840,697,819453549
315840,698,820116523
316114,37,41177166
316114,107,120017426
316114,140,156902737
316114,183,203109377
316114,223,244200321
316877,79,123318709
316877,70,109433630
316877,120,185629228
316877,158,241649862
316877,180,273705024
316877,254,386096351
316877,289,438248949
316877,395,592592050
315339,145,90503383
315339,158,100034354
315339,159,100873545
315339,190,124701852
315339,378,253466348
315339,413,276818469
315366,35,21486667
315366,270,158455775
315366,274,160705515
315366,288,167948473
315366,427,240150171
315366,477,264639955
315366,540,295194143
316114,168,187172488
316114,197,216982006
316114,203,223525574
316114,231,252945715
315557,267,287028310
315784,47,34317799
315784,61,55897479
315784,95,109546654
315784,115,141108773
316569,478,614871257
316569,529,690593524
316569,815,1105722362
316569,816,1107160540
316569,697,937423708
316569,824,1119445527
316569,997,1362501131
316569,1163,1576941089
315488,130,111534214
315646,47,35448890
315703,259,281469882
315703,325,346529565
315764,104,113206406
315800,331,412489994
315801,27,26309440
316187,2063,2908559890
316218,111,166792940
316218,856,1189758639
316379,46,20552442
316379,54,24525959
316380,1212,1057138677
316457,1284,1445565809
316505,1154,1514715055
316590,132,183249109
316615,54,34649358
316666,896,1267836132
316700,330,421439975
316718,132,205318195
316993,85,71097374
316993,89,77212714
316060,381,382596605
316060,439,449765668
316060,3,1891179
316060,3,2496272
316060,27,22231339
316060,127,107587568
316060,143,120717267
316114,79,88608989
316114,99,111837998
316114,151,168986034
316114,153,171215738
316717,18,21596453
316717,44,52861188
316717,111,132543545
316114,232,253383985
316114,241,262884680
316114,280,301644255
316114,353,369618196
316114,384,399070142
316114,385,399802687
316153,337,450196459
316153,342,455475151
316153,354,470063915
316153,355,472009397
316153,359,475346667
316153,419,552643001
316153,423,556766095
316153,407,539475963
316153,488,634969982
316153,488,634943533
316153,438,573653660
316457,561,651070112
316457,620,721928360
316457,907,1048152015
316457,864,999863158
316457,996,1144603817
316457,1053,1203499148
316457,1115,1267318716
316457,1117,1269619092
316766,951,1306043461
316766,966,1328892076
316766,1254,1723397426
316766,1255,1724487733
316766,1256,1726761803
316766,1511,2103681705
315270,12,9790943
315270,108,93077801
315270,215,183760615
315270,229,195107284
315270,258,218207883
315770,141,174160105
315770,158,200553857
315770,175,227865046
315770,183,239659160
316569,28,18895014
316569,118,139329403
316569,164,201641328
316569,185,229749552
316569,158,193535514
316569,206,256393635
316569,216,268989374
316569,224,278942684
316569,238,295833092
315510,116,131098889
316717,126,154893026
316717,139,176365456
316717,162,214292051
316717,154,201162259
316717,167,222109098
316717,176,237924410
316717,180,244255658
316876,322,456706906
316876,92,105121029
316876,413,580993022
316876,251,354963692
316876,288,407553660
316876,316,447946694
316876,365,517045108
316876,522,724063338
316876,549,756340576
316876,549,756831906
315645,74,78411536
315645,129,135872947
315645,131,138890704
315689,811,858417126
315689,856,896635780
315689,977,991309395
315689,940,963583502
315689,1012,1017174251
315689,1116,1093895084
315689,1117,1094688355
315973,522,625156435
315973,551,654756545
315973,558,662676211
315973,563,667684948
315973,573,678515250
315973,580,685504553
316058,56,29427188
316058,73,55160095
316058,75,58243298
316058,288,358165262
316058,326,406539257
316060,62,52086064
316060,96,81758555
316060,97,82034325
316060,49,41507052
316060,352,347629211
316060,412,417881795
316060,611,640475277
315267,9,8673657
315267,71,69780426
315488,724,661717792
315840,133,145306649
315840,145,161695302
315840,164,187115008
315840,181,210914289
315510,183,204841983
315510,257,283427224
315689,81,77084935
315689,82,79424601
315689,208,238627550
315689,534,604503887
315689,707,767650383
315704,2,1431681
315704,47,37571305
315764,99,104325314
315764,305,424806103
316059,417,439488440
316187,2028,2861093303
316202,307,459443064
316202,313,470855222
316202,314,471548268
316202,391,603570849
316218,516,696389160
316218,558,750590920
316218,684,945292687
315512,459,386560485
315512,516,428626329
315512,517,429259877
315512,594,482763508
315512,876,661423377
315512,901,676248950
315512,901,676024407
315557,98,112341882
315557,100,114543887
315801,105,107090040
315801,143,145358041
315801,190,190479116
315801,192,193190460
315801,185,185856835
315840,46,25863949
315840,70,52223872
315322,476,339847327
315322,476,339666500
315322,816,532300530
315840,185,216769566
316187,1317,1801284143
315265,14,13841133
315644,182,218113578
315646,686,441690518
315646,702,450028593
315646,781,490563601
315721,511,646667906
315770,170,218687961
315840,927,1033508586
316061,198,146784806
316187,1854,2592532877
316216,105,125665844
316216,131,166715166
316241,84,132750823
316241,241,362614337
316615,149,92465044
316700,250,316993635
316700,251,318592893
316700,291,372094427
316700,291,371821559
316717,51,60714590
316717,83,99790597
316717,103,123648101
316758,63,82763101
316766,1819,2520997798
316928,97,102933223
316928,97,102814650
315322,404,293913843
315642,4,3953609
315642,27,32190246
316060,504,524212213
316082,328,419106702
316082,375,476838305
316187,1847,2582308271
316201,449,629037192
316216,173,227342619
316219,193,295436001
316239,279,354190050
316240,10,14804975
316240,359,494892890
316380,35,24944664
316380,136,94895058
316380,1057,882568470
316380,1124,955368997
315764,103,111237284
315764,132,157664645
315764,254,348727154
315764,277,383047284
315764,294,407772792
315764,298,414763890
316082,156,191385805
316082,378,479908982
316201,52,65110472
316201,415,581195958
316201,416,582779047
316201,418,586169840
316201,427,599387203
316201,99,120489157
316469,64,67590329
316469,144,177820284
316469,204,259235116
316505,1016,1330872360
316505,1017,1332464438
316505,342,408738212
316505,361,431808925
316590,384,529271876
316590,225,318615658
316590,249,351478386
316590,252,356025691
316590,266,376258009
316666,40,49339293
316666,150,183379368
316666,788,1123644273
316666,730,1042313084
316666,749,1068954888
316470,175,232910664
316470,178,235982834
316455,61,32177649
316505,83,65202480
315840,36,10530835
315840,39,13909251
315840,68,50062109
315840,69,50409837
315840,92,86019155
315840,115,119098828
315840,116,120879125
316082,56,45843113
316082,76,76369477
316082,281,359258037
316082,333,425639867
316082,334,426857751
316082,384,488377912
316114,17,18526604
316114,372,387093340
316114,382,396781481
316114,453,461909072
316114,459,467420565
316114,475,482317877
316114,775,751403462
316114,844,834052398
316218,88,132739944
316218,93,139431347
316218,163,239762371
316218,172,252478030
316218,184,269636867
316218,223,323980979
316380,506,375613785
316380,568,427798845
316380,585,442462322
316380,598,452712854
316380,603,456747707
316380,627,480437180
316380,650,503422080
316380,718,568508298
316380,780,627630541
316380,1018,841386085
316380,1021,844086034
316469,423,528432158
316470,6,6521135
316470,17,22483124
316470,85,112910242
316470,109,145719344
315703,23,25572818
315703,71,80041000
315705,359,250491405
315705,377,261515327
315705,457,308982263
315790,233,168032906
316218,726,1007402493
316218,737,1022881384
316218,755,1049747320
316218,756,1050829086
316240,702,983896854
316240,719,1008729759
316240,720,1011146335
316240,736,1035676550
316240,790,1115810350
316240,809,1142695558
316240,810,1144373226
316241,46,71604109
316241,137,215749211
316241,159,250798399
316241,163,255856830
316241,307,457304357
316569,1448,1986367135
316569,1490,2045043450
316701,358,516903696
316718,174,267348193
316722,231,317413490
316766,1597,2224492336
316985,399,539411910
316993,225,262024998
315642,77,93085960
315642,86,103800355
315646,424,291348740
315646,431,295362543
315690,439,269991856
315690,516,311538333
315713,452,588307550
316082,61,53443287
316111,34,39926991
316111,39,45441522
316153,292,393977351
316187,1429,1958171839
316199,1020,1419328141
316569,1494,2050343282
316569,1498,2056599537
316666,72,88879153
316666,267,358319427
316240,265,373046133
316985,491,650459517
316995,222,329676311
315257,55,38837840
315510,5,4547229
315510,42,44569612
315646,605,397452041
315646,638,415625676
315800,542,658737865
315800,542,659328181
315800,549,666238086
315840,817,934705700
315840,821,938419469
315840,834,950411844
316058,361,450575266
316059,105,118226244
316240,511,694154015
316240,523,714478499
316240,572,791280416
316569,1058,1442170094
316722,425,582756561
316758,1062,1512518148
316758,934,1332672987
316758,955,1363435881
316766,1190,1640783728
315420,233,180302997
315420,272,209800983
315420,634,456852282
315420,346,263896843
315420,839,577531513
315420,857,587647671
315420,1121,721557736
315420,1126,723823593
315420,1101,711697277
315420,1113,717252041
315703,289,311082616
315703,162,180787681
315703,187,207243320
315703,216,237441309
315703,226,247162431
315703,307,328413802
315703,309,330627074
316240,322,447089392
316240,330,457361305
316240,129,186185368
316240,160,229010957
316240,178,254037613
315366,79,48509145
316469,25,19965964
316469,45,39176714
316469,77,87561785
316469,78,88557767
316469,83,95030464
316469,101,118060710
316469,109,128876636
316469,114,135260864
316469,133,162506488
316469,134,164428911
316766,1055,1456825379
316766,1089,1502822143
316766,1232,1695615957
316766,1411,1960760465
316766,1659,2310980162
316766,1986,2750862426
315557,12,13376383
315557,60,70213981
315557,135,151938004
315721,292,392523760
315721,377,496416471
315784,40,25189062
315784,86,95676095
315784,92,104940093
315784,97,111509490
315784,149,192288370
316216,239,316831811
316380,90,63374248
316380,95,67295037
316380,104,73555307
316469,21,12731966
316469,120,144508501
316469,169,211912267
316469,232,295686997
315510,270,296250109
315510,276,302619927
315366,90,55610106
315366,95,58211475
315366,96,59296268
315366,514,282792599
315489,583,319021521
315489,701,378248001
315489,705,380657771
315646,147,108086043
315646,160,117685193
315646,510,343038189
315702,79,55669572
315702,91,70473908
315703,83,93562917
315705,244,176747750
315705,386,267037363
315705,410,281345880
315800,617,738972259
316187,617,818885093
316240,822,1161408607
316723,25,33272308
316766,1820,2522573572
316766,1636,2278888334
315361,250,213719742
315361,250,213881548
315361,159,130047327
315361,206,174958187
315510,64,71514945
315510,110,123620337
315510,215,239510169
315510,216,239962689
315510,234,258503566
316186,74,60627467
315512,63,59869616
315721,108,135544755
315721,116,147772621
315721,203,275000917
315800,355,442335903
315840,938,1042721637
315840,1041,1128481110
315973,816,920941449
315973,842,943859425
316472,301,394376942
316505,1335,1765985219
316590,130,181068833
316613,237,138145791
316766,1528,2126285354
316993,93,82088580
316994,2,2344561
315357,231,192488493
315357,421,348111944
315357,437,361446722
315357,450,372537902
315357,655,527827243
315357,719,571971840
315840,647,768581782
315840,672,793597558
315840,717,838998610
315840,662,783348891
315840,705,827310872
315713,594,755708864
316187,137,187597317
316187,226,306190168
316187,281,376023181
316187,311,414464633
316187,313,416708519
316187,350,464030675
316187,384,504982875
316457,166,220239730
316457,172,227278615
316457,205,261701294
316457,314,370022088
316457,316,371795302
315322,67,45522912
315366,159,95901370
315420,1472,877000892
315512,738,576330402
315645,518,488653690
315646,854,529627839
315689,560,630701065
315741,55,42569456
315973,427,518584667
316060,907,934926563
315322,260,195314781
315322,358,263717322
315322,611,418894803
315322,616,421665557
315322,617,422300666
315488,262,252503646
315488,267,258387007
315488,307,298198638
315488,308,299409269
315488,431,416524356
315488,436,420940414
315488,498,476747837
315713,100,115857150
315713,229,301711222
315713,337,446981386
315713,469,609676896
315713,469,609001556
315713,598,760052432
315713,598,760152616
315512,537,443350663
315512,537,443617146
315646,98,73019513
315646,115,85349781
315646,116,86408724
315840,581,699824534
315840,584,702926149
315840,603,723525821
315840,622,743183794
315840,642,764253359
316187,103,141974332
316187,150,205664110
316187,353,467253567
316187,327,434766487
316187,334,443200248
315264,61,51979432
315264,58,47106741
315264,105,110260150
315264,156,173648240
315270,3,2100586
315270,32,27853610
315270,322,269319041
315322,529,370900444
315322,438,315961443
315322,902,577585972
315322,1101,675162530
315322,1192,716424015
315322,1262,747565668
315339,357,239852030
315339,576,378021619
315420,502,372353062
315420,576,420806075
315512,177,162192469
315512,179,163541251
315512,294,260148805
315512,309,271712057
315512,332,290365235
315512,378,325756862
315512,472,396549889
315512,435,369164266
316716,84,102470678
316720,60,78675881
315646,189,138235841
315646,198,143864534
315646,197,143605099
315646,260,186085897
315646,203,147429804
315689,288,336658833
315689,565,635809260
315721,131,170780876
315721,110,138691872
315721,118,150680469
315721,127,165104637
315800,399,496673734
315800,333,414722849
315800,383,476886728
315800,368,458358525
315800,368,458675797
315800,392,487615730
315267,120,117969160
315322,802,524915208
315322,805,526769811
315322,894,573363588
315322,898,575487172
315322,901,576968171
315840,50,31527857
316218,251,361891086
316240,738,1038692582
316240,785,1107607689
316240,1013,1428685501
316240,1032,1454122789
316240,1046,1474386625
316380,1011,833642584
316380,1054,879020569
316216,159,207095781
316216,443,587858128
316218,645,886436159
316219,118,176395836
316219,189,288971316
316722,194,268471456
316995,616,924106742
315361,85,53964482
315361,298,256326620
315361,350,300560239
315361,376,322860327
315420,90,63978215
315420,92,65007057
315420,111,81366271
315420,184,141861489
315420,594,431807891
315420,609,441482894
315420,731,515742063
315420,737,519048000
315420,852,584995238
315420,852,584891587
315420,854,586146361
315420,885,602744394
315420,891,606107575
315510,332,357699096
315510,339,364691020
315512,74,69925093
315555,23,21084458
315555,33,33962732
315703,69,77005952
315703,211,231238392
315703,220,241359419
316114,848,838065577
316114,854,845584050
316114,1459,1462873174
316216,384,511032316
316216,390,518421553
316380,10,6897594
316380,354,243784280
316470,452,588494060
315645,40,43689220
315713,840,1017370332
315973,337,414175794
316114,1535,1527308426
316114,1280,1300446923
316114,1388,1399986834
316187,749,1017738489
316187,1099,1482414909
316199,993,1381323373
316216,139,177807841
316241,300,446754086
316239,127,151924510
316470,343,452076101
316995,545,823502572
316187,245,330606077
316187,309,411040637
316187,659,884722362
316187,667,896164485
316187,667,896835186
316187,670,901044886
316187,696,939928141
316187,723,980971832
316239,156,192604697
316239,207,259473048
316239,209,261936973
316239,214,269154505
316239,220,276138753
316666,16,18570263
316666,19,22790006
316666,55,68865897
316666,160,194362177
316666,221,284187981
316666,226,292126100
316666,256,340354962
316666,272,365577439
316666,315,432288206
316666,323,443737478
316766,768,1032089238
316766,768,1031546879
316766,834,1129585945
316766,891,1213172722
316766,949,1302231030
316766,978,1346708135
316766,918,1255074017
315689,599,667713375
315690,546,324614802
315703,90,101936800
316060,407,413613710
316114,10,10089075
316114,306,326954752
316114,1249,1270342645
316240,509,691884395
316240,510,693251301
316240,906,1279684851
316472,262,340723964
316666,513,724845830
316722,734,1043559675
315510,15,16917456
315557,13,14520885
315645,307,308324550
315645,362,357585914
315645,368,362603746
315645,373,367082460
315645,373,367358808
315645,378,371304068
315645,398,388744953
315645,462,443361668
315645,516,486961570
315713,1051,1213298907
315840,1018,1110083078
315840,1052,1138000567
316218,113,169246195
316362,150,106588388
316590,135,187665621
316590,299,421363777
316590,348,483606911
316666,188,229871123
316667,19,28158544
316667,26,38642784
316667,27,39472835
316700,77,66392825
316700,79,69357349
316722,352,472542372
316722,468,650012131
316758,1376,1991956072
315259,160,101436714
315339,264,177241076
315339,284,191324186
315339,301,202520394
315339,439,293650716
315339,481,320104983
315339,634,408904170
315557,179,198255362
315690,455,278881008
315690,575,340404574
315721,487,619616721
315741,56,43461818
315840,67,48107691
316059,56,63291993
316059,387,409845272
316059,510,521681386
316059,510,521237429
316060,920,947020439
316114,993,1004690697
316153,624,843291831
316187,22,28830654
316201,485,680157858
316202,350,533809994
316380,1171,1014386568
316700,80,70643200
316700,110,115090776
316766,1906,2623916327
316877,380,571209724
316058,299,371889677
316058,383,477413671
316058,345,430455240
316058,358,446479405
316187,480,619802036
316187,519,665257424
316187,1081,1462475684
316187,1095,1477456938
316187,1210,1641808204
316187,1213,1646920090
316187,1227,1666539549
316187,1362,1863956206
316187,1821,2540476127
316187,1824,2543779408
316199,39,26316986
316199,467,652538474
316199,491,684090377
316199,714,957467129
316199,1024,1423814840
316239,504,626812793
316239,537,666050425
316239,601,755915926
316239,602,757563484
316239,518,644192365
316239,518,643314870
316239,555,686765201
316505,44,17481798
316505,126,127820837
316505,135,140694311
316505,66,40401944
316505,103,94645735
316505,104,96282931
316505,243,285003021
316505,243,284717542
316505,244,285373219
316505,756,959911275
316362,161,114539618
316362,266,187932234
316362,333,235314507
316666,51,63596694
316666,65,80962112
316666,71,88297547
316666,584,828746665
316666,565,799240875
316666,569,805886267
316666,656,935419682
316666,952,1354495007
316666,846,1201523829
316666,757,1080168671
316666,757,1079861811
316766,570,724509789
316766,568,722728092
316766,547,697530990
316766,547,698100271
316766,532,679805193
316766,586,743564100
316766,589,747584383
316766,630,815366487
315713,551,705124454
315713,564,720967182
315713,582,741928988
315713,612,776384188
315713,577,736315425
315713,579,737921490
315713,592,753039848
315786,18,17475257
315786,21,19847203
315786,45,45942019
315786,58,58555579
315786,59,59948166
315786,65,66660109
316059,187,209883713
316114,2,1945224
316114,114,127776175
316114,150,167372475
316199,843,1162430904
316199,860,1188532481
316199,864,1193515475
316201,93,112370927
316201,264,361437312
316201,274,376718793
316239,494,615870473
316239,499,620996424
316239,563,695468552
315357,376,310417691
315357,412,340791547
315357,439,363227280
316877,61,95871925
316877,63,97921557
316877,66,103257763
316877,87,135373657
316569,328,400861613
316569,344,418548775
316569,403,497280511
316569,883,1204291261
315366,568,308728377
315366,622,334818785
315366,622,334735534
315488,811,728029458
315489,121,73364852
315645,76,81114583
315645,108,114950619
315646,661,427988488
315646,905,557578629
315689,430,495477136
315689,449,516337977
315690,467,285457839
315690,294,186663752
315790,638,413773991
315790,614,400671175
316060,483,500528957
316153,651,882925687
316153,688,933185926
316758,431,585409033
316758,871,1239156524
316758,874,1243773922
316766,1596,2222275101
316766,1770,2455787910
316766,1721,2395249516
315357,86,54406059
315357,212,177093261
315973,95,88527085
315973,96,90139676
315973,98,93586417
315489,3,1390737
315489,48,29287536
315489,149,89734326
315489,243,142752227
315489,304,176654786
315703,406,421224356
315703,407,422763804
315703,418,432451164
315800,85,78019875
315800,299,371668667
315800,404,502766496
315800,403,501563647
315800,477,586169093
315840,196,231097547
315840,226,272083900
316470,42,56607524
316470,246,323267723
316470,377,495723908
316470,385,504809807
316470,439,572209942
315770,87,88233703
315770,97,104348714
315770,102,112466038
315800,65,46907569
315800,91,86830068
315800,148,168882158
315800,161,186205150
315800,202,241109548
315800,262,321774613
315973,286,350233054
316469,299,379000401
315973,113,116746380
315973,192,227887097
316985,154,206668689
316985,36,37551580
316985,43,48340167
316985,55,67819965
316985,199,271442814
316985,203,276929377
316985,228,313649662
316985,209,286846277
316985,206,281544680
316985,210,288066759
315721,244,331930359
315721,265,358183294
315721,280,377508039
315721,294,394722249
315721,150,199927838
315721,222,301578792
315721,350,463477369
316216,74,76334576
315713,333,441410203
315713,734,910516297
315713,497,642679166
315713,511,659817598
315713,530,680824037
315713,519,669521237
315357,154,122749487
315357,301,251463364
315357,544,446389197
316239,64,64353553
316239,69,72222841
316239,106,122535891
316239,131,157878573
316469,23,17056174
316758,47,59563166
316758,290,406736551
316758,50,63559454
315512,242,217606646
315690,252,162427733
316719,124,160391215
316993,48,25899305
315689,78,72949235
315689,135,148280342
315840,934,1039591897
316216,34,20163845
316216,90,102369434
316216,437,580512843
316380,218,150260734
316380,246,168209011
316380,528,394189848
316380,575,433516882
316380,580,438046310
316380,809,654444341
316758,372,510217973
316758,456,616198505
316758,489,656298967
316758,602,829361106
316758,633,876970721
316758,655,912215194
316758,732,1028446302
316758,876,1246236276
316758,913,1301576609
316985,369,500743003
316985,380,515239668
316985,478,635446534
316985,486,645243603
316985,487,646277360
315644,68,84790306
315840,947,1050686707
315840,950,1052596758
316059,394,416987985
316059,395,417732262
316060,119,100527466
316199,79,84331063
316199,107,130195814
316199,136,178077779
316199,145,192139826
316199,582,796383249
316199,627,850091793
316457,726,843146812
316457,1080,1231286167
316457,1081,1232494772
316457,1130,1283991732
316457,935,1079871889
316701,120,147209941
316701,176,239225880
316701,206,287805523
316701,368,531226801
316701,392,566181350
316701,438,634685241
316701,473,686879287
316876,466,647025561
316876,466,647011042
316876,571,782124821
316877,219,331551085
316877,264,400909921
315642,62,75124223
315642,68,82437295
315645,430,416081344
315689,914,943587283
315689,916,945249390
315690,135,89722842
315690,147,97385767
315705,55,42190052
315705,366,254934743
315705,610,394342498
315785,221,278130008
315790,142,104456511
315801,272,266679853
315801,315,304789655
315801,316,306036148
315840,832,948565345
315840,838,953814675
